﻿designator,quantity,value,pack,mpn,mount_type
"C1, C12, C22",3,1u,C_0402_1005Metric,,smt
"C10, C13, C14, C15, C16, C17, C18, C19, C2, C6, C9",11,100n,C_0402_1005Metric,,smt
C3,1,1u,C_0603_1608Metric,,smt
"C4, C5",2,8p,C_0402_1005Metric,,smt
C7,1,10u,C_0603_1608Metric,,smt
C8,1,2u2,C_0603_1608Metric,,smt
D1,1,LED,D_0805_2012Metric,,smt
D2,1,SS14,DIOM5227X270N,,smt
DS1,1,ST7701_IPS_3.99_TOUCH,AMPHENOL_F32Q-1A7H1-11040,,smt
"J1, J2, J3, J4",4,Conn_01x12,PinHeader_2x06_P2.54mm_Horizontal,,tht
J10,1,Conn_01x05,PinHeader_1x05_P2.54mm_Vertical,,tht
"J5, J6, J7, J8",4,Conn_01x12,PinHeader_2x06_P2.54mm_Vertical,,tht
J9,1,"USB4105-GF-A-120
",USB_C_Receptacle_GCT_USB4105-xx-A_16P_TopMnt_Horizontal,,smt
L1,1,10u,L_TDK_SLF6045,,smt
"R1, R2",2,5k1,R_0603_1608Metric,,smt
R3,1,270,R_0603_1608Metric,,smt
R4,1,10K,R_0603_1608Metric,,smt
R5,1,DNF,R_0603_1608Metric,,smt
R6,1,1k,R_0603_1608Metric,,smt
"R7, R9",2,1M,R_0603_1608Metric,,smt
R8,1,105k,R_0603_1608Metric,,smt
SW1,1,DNF,PTS636 SM25J SMTR LFS,,smt
"TP1, TP10, TP11, TP12, TP13, TP14, TP15, TP16, TP17, TP18, TP19, TP20, TP21, TP22, TP23, TP24, TP25, TP26, TP27, TP28, TP29, TP30, TP31, TP32, TP33, TP34, TP35, TP36, TP37, TP38, TP39, TP4, TP40, TP41, TP5, TP6, TP7, TP8, TP9",39,TestPoint,TestPoint_Keystone_5019_Minature_No_Silkscreen,,smt
U1,1,AP3015,SOT-23-5,,smt
U2,1,W25Q16JV,W25Q16JVUXIQ TR,,smt
U3,1,USBUF02W6,SOT65P210X110-6N,,smt
U4,1,RP2040,QFN-56-1EP_7x7mm_P0.4mm_EP3.2x3.2mm,,smt
Y1,1,12MHz,ECS120836CKMTR3,,smt
