﻿pos_x,pos_y,rotation,side,designator,mpn,pack,value,mount_type,place
156.5,-129.68,90.0,top,C1,,C_0402_1005Metric,1u,smt,True
176.1175,-113.6,0.0,top,C10,,C_0402_1005Metric,100n,smt,True
174.9,-117.2,0.0,top,C12,,C_0402_1005Metric,1u,smt,True
172.2,-120.08,-90.0,top,C13,,C_0402_1005Metric,100n,smt,True
174.9,-118.1,0.0,top,C14,,C_0402_1005Metric,100n,smt,True
174.9,-119.0,0.0,top,C15,,C_0402_1005Metric,100n,smt,True
170.21,-120.68,-90.0,top,C16,,C_0402_1005Metric,100n,smt,True
176.1175,-114.5,0.0,top,C17,,C_0402_1005Metric,100n,smt,True
168.6,-109.82,90.0,top,C18,,C_0402_1005Metric,100n,smt,True
164.1,-115.8,180.0,top,C19,,C_0402_1005Metric,100n,smt,True
157.4,-129.68,90.0,top,C2,,C_0402_1005Metric,100n,smt,True
175.25,-115.4,0.0,top,C22,,C_0402_1005Metric,1u,smt,True
121.0,-120.05,180.0,top,C3,,C_0603_1608Metric,1u,smt,True
159.75,-113.5,0.0,top,C4,,C_0402_1005Metric,8p,smt,True
159.75,-117.2,180.0,top,C5,,C_0402_1005Metric,8p,smt,True
177.55,-111.08,90.0,top,C6,,C_0402_1005Metric,100n,smt,True
117.5,-115.3,0.0,top,C7,,C_0603_1608Metric,10u,smt,True
178.45,-109.3,0.0,top,C8,,C_0603_1608Metric,2u2,smt,True
164.9,-117.18,-90.0,top,C9,,C_0402_1005Metric,100n,smt,True
189.3125,-107.75,180.0,top,D1,,D_0805_2012Metric,LED,smt,True
119.25,-122.5,180.0,top,D2,,DIOM5227X270N,SS14,smt,True
142.0,-132.45,0.0,top,DS1,,AMPHENOL_F32Q-1A7H1-11040,ST7701_IPS_3.99_TOUCH,smt,True
101.36,-73.65,90.0,top,J1,,PinHeader_2x06_P2.54mm_Horizontal,Conn_01x12,tht,True
163.924999,-123.5,90.0,top,J10,,PinHeader_1x05_P2.54mm_Vertical,Conn_01x05,tht,True
124.22,-73.65,90.0,top,J2,,PinHeader_2x06_P2.54mm_Horizontal,Conn_01x12,tht,True
147.08,-73.65,90.0,top,J3,,PinHeader_2x06_P2.54mm_Horizontal,Conn_01x12,tht,True
169.94,-73.65,90.0,top,J4,,PinHeader_2x06_P2.54mm_Horizontal,Conn_01x12,tht,True
101.36,-80.65,90.0,top,J5,,PinHeader_2x06_P2.54mm_Vertical,Conn_01x12,tht,True
124.22,-80.65,90.0,top,J6,,PinHeader_2x06_P2.54mm_Vertical,Conn_01x12,tht,True
147.08,-80.65,90.0,top,J7,,PinHeader_2x06_P2.54mm_Vertical,Conn_01x12,tht,True
169.94,-80.65,90.0,top,J8,,PinHeader_2x06_P2.54mm_Vertical,Conn_01x12,tht,True
188.147843,-115.0,90.0,top,J9,,USB_C_Receptacle_GCT_USB4105-xx-A_16P_TopMnt_Horizontal,"USB4105-GF-A-120
",smt,True
112.25,-118.5,-90.0,top,L1,,L_TDK_SLF6045,10u,smt,True
182.317843,-118.0,90.0,top,R1,,R_0603_1608Metric,5k1,smt,True
182.317843,-112.0,-90.0,top,R2,,R_0603_1608Metric,5k1,smt,True
171.0125,-109.0,180.0,top,R3,,R_0603_1608Metric,270,smt,True
180.5,-108.7,-90.0,top,R4,,R_0603_1608Metric,10K,smt,True
178.45,-108.1,0.0,top,R5,,R_0603_1608Metric,DNF,smt,True
162.1,-116.375,-90.0,top,R6,,R_0603_1608Metric,1k,smt,True
121.0,-118.78,180.0,top,R7,,R_0603_1608Metric,1M,smt,True
121.0,-116.24,0.0,top,R8,,R_0603_1608Metric,105k,smt,True
121.0,-117.51,180.0,top,R9,,R_0603_1608Metric,1M,smt,True
186.5,-124.0,180.0,top,SW1,,PTS636 SM25J SMTR LFS,DNF,smt,True
114.999998,-128.5,90.0,top,TP1,,TestPoint_Keystone_5019_Minature_No_Silkscreen,TestPoint,smt,True
113.806,-98.048,90.0,top,TP10,,TestPoint_Keystone_5019_Minature_No_Silkscreen,TestPoint,smt,True
113.806,-92.968,90.0,top,TP11,,TestPoint_Keystone_5019_Minature_No_Silkscreen,TestPoint,smt,True
128.538,-98.048,90.0,top,TP12,,TestPoint_Keystone_5019_Minature_No_Silkscreen,TestPoint,smt,True
128.538,-92.968,90.0,top,TP13,,TestPoint_Keystone_5019_Minature_No_Silkscreen,TestPoint,smt,True
132.602,-98.048,90.0,top,TP14,,TestPoint_Keystone_5019_Minature_No_Silkscreen,TestPoint,smt,True
132.602,-92.968,90.0,top,TP15,,TestPoint_Keystone_5019_Minature_No_Silkscreen,TestPoint,smt,True
136.666,-98.048,90.0,top,TP16,,TestPoint_Keystone_5019_Minature_No_Silkscreen,TestPoint,smt,True
136.666,-92.968,90.0,top,TP17,,TestPoint_Keystone_5019_Minature_No_Silkscreen,TestPoint,smt,True
151.398,-98.048,90.0,top,TP18,,TestPoint_Keystone_5019_Minature_No_Silkscreen,TestPoint,smt,True
151.398,-92.968,90.0,top,TP19,,TestPoint_Keystone_5019_Minature_No_Silkscreen,TestPoint,smt,True
155.462,-98.048,90.0,top,TP20,,TestPoint_Keystone_5019_Minature_No_Silkscreen,TestPoint,smt,True
155.462,-92.968,90.0,top,TP21,,TestPoint_Keystone_5019_Minature_No_Silkscreen,TestPoint,smt,True
159.526,-98.048,90.0,top,TP22,,TestPoint_Keystone_5019_Minature_No_Silkscreen,TestPoint,smt,True
159.526,-92.968,90.0,top,TP23,,TestPoint_Keystone_5019_Minature_No_Silkscreen,TestPoint,smt,True
174.258,-98.048,90.0,top,TP24,,TestPoint_Keystone_5019_Minature_No_Silkscreen,TestPoint,smt,True
174.258,-92.968,90.0,top,TP25,,TestPoint_Keystone_5019_Minature_No_Silkscreen,TestPoint,smt,True
178.322,-98.048,90.0,top,TP26,,TestPoint_Keystone_5019_Minature_No_Silkscreen,TestPoint,smt,True
178.322,-92.968,90.0,top,TP27,,TestPoint_Keystone_5019_Minature_No_Silkscreen,TestPoint,smt,True
182.386,-98.048,90.0,top,TP28,,TestPoint_Keystone_5019_Minature_No_Silkscreen,TestPoint,smt,True
182.386,-92.968,90.0,top,TP29,,TestPoint_Keystone_5019_Minature_No_Silkscreen,TestPoint,smt,True
172.949998,-128.5,90.0,top,TP30,,TestPoint_Keystone_5019_Minature_No_Silkscreen,TestPoint,smt,True
161.099999,-128.5,90.0,top,TP31,,TestPoint_Keystone_5019_Minature_No_Silkscreen,TestPoint,smt,True
165.049999,-128.5,90.0,top,TP32,,TestPoint_Keystone_5019_Minature_No_Silkscreen,TestPoint,smt,True
169.0,-128.5,90.0,top,TP33,,TestPoint_Keystone_5019_Minature_No_Silkscreen,TestPoint,smt,True
122.899998,-128.5,90.0,top,TP34,,TestPoint_Keystone_5019_Minature_No_Silkscreen,TestPoint,smt,True
118.949998,-128.5,90.0,top,TP35,,TestPoint_Keystone_5019_Minature_No_Silkscreen,TestPoint,smt,True
176.899999,-128.5,90.0,top,TP36,,TestPoint_Keystone_5019_Minature_No_Silkscreen,TestPoint,smt,True
124.474,-98.048,90.0,top,TP37,,TestPoint_Keystone_5019_Minature_No_Silkscreen,TestPoint,smt,True
147.334,-98.048,90.0,top,TP38,,TestPoint_Keystone_5019_Minature_No_Silkscreen,TestPoint,smt,True
170.194,-98.048,90.0,top,TP39,,TestPoint_Keystone_5019_Minature_No_Silkscreen,TestPoint,smt,True
101.614,-98.048,90.0,top,TP4,,TestPoint_Keystone_5019_Minature_No_Silkscreen,TestPoint,smt,True
107.099998,-128.5,90.0,top,TP40,,TestPoint_Keystone_5019_Minature_No_Silkscreen,TestPoint,smt,True
111.049998,-128.5,90.0,top,TP41,,TestPoint_Keystone_5019_Minature_No_Silkscreen,TestPoint,smt,True
101.614,-92.968,90.0,top,TP5,,TestPoint_Keystone_5019_Minature_No_Silkscreen,TestPoint,smt,True
105.678,-98.048,90.0,top,TP6,,TestPoint_Keystone_5019_Minature_No_Silkscreen,TestPoint,smt,True
105.678,-92.968,90.0,top,TP7,,TestPoint_Keystone_5019_Minature_No_Silkscreen,TestPoint,smt,True
109.742,-98.048,90.0,top,TP8,,TestPoint_Keystone_5019_Minature_No_Silkscreen,TestPoint,smt,True
109.742,-92.968,90.0,top,TP9,,TestPoint_Keystone_5019_Minature_No_Silkscreen,TestPoint,smt,True
117.5,-118.25,90.0,top,U1,,SOT-23-5,AP3015,smt,True
175.75,-110.5,-90.0,top,U2,,W25Q16JVUXIQ TR,W25Q16JV,smt,True
180.796982,-115.0,0.0,top,U3,,SOT65P210X110-6N,USBUF02W6,smt,True
169.6,-115.1,-90.0,top,U4,,QFN-56-1EP_7x7mm_P0.4mm_EP3.2x3.2mm,RP2040,smt,True
159.75,-115.35,180.0,top,Y1,,ECS120836CKMTR3,12MHz,smt,True
